Country,Gold_Count,Silver_Count,Bronze_Count,Zero_Count
,,,,
Denmark,174,223,166,0
,,,,
Finland,198,263,415,0
,,,,
Norway,299,330,281,0
,,,,
Taifun,5,0,0,0
,,,,
France,461,525,594,0
,,,,
Belarus,24,44,71,0
,,,,
Cameroon,20,1,1,0
,,,,
Spain,110,243,136,0
,,,,
Italy,549,526,502,0
,,,,
United States of America,2491,1526,1257,0
,,,,
Pakistan,42,45,34,0
,,,,
Soviet Union,1080,732,689,0
,,,,
Uzbekistan,10,7,17,0
,,,,
Azerbaijan,7,12,25,0
,,,,
Unified Team,127,71,81,0
,,,,
Japan,247,309,357,0
,,,,
Canada,438,423,420,0
,,,,
Vesper Boat Club,18,0,0,0
,,,,
Ethiopia,22,9,22,0
,,,,
Bulgaria,54,144,144,0
,,,,
Hungary,432,332,371,0
,,,,
Great Britain,543,604,594,0
,,,,
Jordan,1,0,0,0
,,,,
Sweden,451,482,509,0
,,,,
New Zealand,85,56,82,0
,,,,
Switzerland,172,245,265,0
,,,,
Argentina,91,84,91,0
,,,,
Germany,721,651,711,0
,,,,
Brazil,109,175,191,0
,,,,
Romania,161,200,292,0
,,,,
Netherlands,277,321,392,0
,,,,
"Large boat, Central Naval Prep School ""Poros""",17,0,0,0
,,,,
Cuba,164,127,116,0
,,,,
Indonesia,11,17,13,0
,,,,
East Germany,397,327,281,0
,,,,
Australia,344,453,513,0
,,,,
Union des Socits Franais de Sports Athletiques,17,12,0,0
,,,,
Ukraine,47,52,100,0
,,,,
Nigeria,23,30,46,0
,,,,
Turkey,40,27,28,0
,,,,
Bissbi,4,0,0,0
,,,,
Russia,390,367,401,0
,,,,
Uganda,2,3,2,0
,,,,
Individual Olympic Athletes,1,1,3,0
,,,,
United Arab Emirates,1,0,1,0
,,,,
Lithuania,6,7,48,0
,,,,
Armenia,2,5,9,0
,,,,
Serbia,15,29,41,0
,,,,
India,138,19,40,0
,,,,
Greece,42,76,64,0
,,,,
Belgium,95,161,159,0
,,,,
Austria,107,186,156,0
,,,,
Heira II,9,0,0,0
,,,,
Nykjbings paa Falster,5,0,0,0
,,,,
South Korea,221,232,185,0
,,,,
North Korea,16,16,35,0
,,,,
Yugoslavia,130,167,93,0
,,,,
Poland,117,195,253,0
,,,,
Uruguay,31,2,30,0
,,,,
West Germany,159,194,233,0
,,,,
Norna,4,0,0,0
,,,,
Magda IX,10,0,0,0
,,,,
Morocco,6,5,12,0
,,,,
Mexico,30,26,51,0
,,,,
Mosk II,7,0,0,0
,,,,
Trinidad and Tobago,7,8,17,0
,,,,
Ludwigshafener Ruderverein,5,0,0,0
,,,,
Kazakhstan,20,25,32,0
,,,,
Georgia,8,6,18,0
,,,,
Kenya,34,41,31,0
,,,,
Jamaica,38,75,44,0
,,,,
Hera,10,0,0,0
,,,,
South Africa,32,47,52,0
,,,,
Carabinier5,1,0,0,0
,,,,
England,11,13,0,0
,,,,
Croatia,58,54,37,0
,,,,
Pan,6,0,0,0
,,,,
Australasia,20,4,5,0
,,,,
London City Police,8,0,0,0
,,,,
Luxembourg,4,4,0,0
,,,,
Serbia and Montenegro,12,26,26,0
,,,,
Devon and Somerset Wanderers,12,0,0,0
,,,,
"Marinai della nave da guerra ""Varese""",7,0,17,0
,,,,
Lalage,5,0,0,0
,,,,
Kullan,3,0,0,0
,,,,
Amateur Athletic Association,5,0,0,0
,,,,
Czech Republic,42,36,66,0
,,,,
Foxhunters Hurlingham,5,0,0,0
,,,,
Czechoslovakia,81,225,182,0
,,,,
Sirene,2,0,0,0
,,,,
White Lady,3,0,0,0
,,,,
Italia,6,0,0,0
,,,,
Angelita,12,0,0,0
,,,,
Esterel,2,0,0,0
,,,,
Heroine,4,0,0,0
,,,,
Atlanta,9,0,0,0
,,,,
Wannsee,2,0,0,0
,,,,
Winnipeg Shamrocks,12,0,0,0
,,,,
Olle,6,0,0,0
,,,,
United States,38,33,30,0
,,,,
Bera,5,0,0,0
,,,,
Slaghoken II,3,0,0,0
,,,,
Great Britain/Germany,2,0,0,0
,,,,
Swift,2,0,0,0
,,,,
Thailand,9,8,13,0
,,,,
L'Aile VI,6,0,0,0
,,,,
Cercle de l'Aviron Roubaix,5,0,0,0
,,,,
Algeria,5,4,8,0
,,,,
Minerva Amsterdam,3,5,9,0
,,,,
New York Athletic Club,12,0,0,0
,,,,
Jo,3,0,0,0
,,,,
Bahamas,12,11,13,0
,,,,
Bucintoro Venezia,11,0,0,0
,,,,
Edelweiss II,3,0,0,0
,,,,
Upton Park FC,11,0,0,0
,,,,
Leander Club,18,4,0,0
,,,,
Nepal,1,0,0,0
,,,,
China,350,347,292,0
,,,,
Cobweb,5,0,0,0
,,,,
Elvis Va,1,0,0,0
,,,,
Oranje,3,0,0,0
,,,,
Ireland,9,29,13,0
,,,,
Complex II,4,0,0,0
,,,,
Zimbabwe,17,4,1,0
,,,,
Chinese Taipei,3,28,18,0
,,,,
Galt Football Club,13,0,0,0
,,,,
Cï¿½te d'Ivoire,1,1,1,0
,,,,
"Osborne Swimming Club, Manchester",7,0,0,0
,,,,
Ancora,4,0,0,0
,,,,
Gem,2,0,0,0
,,,,
Slovenia,8,13,27,0
,,,,
Dormy,3,0,0,0
,,,,
Jest,2,0,0,0
,,,,
Magdalen College Boat Club,4,0,0,0
,,,,
Western Golf Association,10,0,0,0
,,,,
Scotia,6,0,0,0
,,,,
Iran,18,21,29,0
,,,,
Elisabeth V,3,0,0,0
,,,,
Fiji,13,0,0,0
,,,,
New York Athletic Club #1,4,0,0,0
,,,,
Lerina,3,3,0,0
,,,,
Dominican Republic,3,2,2,0
,,,,
Century Boat Club,4,0,0,0
,,,,
Egypt,7,8,12,0
,,,,
Llanoria,11,0,0,0
,,,,
Mongolia,2,10,14,0
,,,,
Kitty,8,0,0,0
,,,,
Nirefs,3,0,0,0
,,,,
Portugal,4,7,24,0
,,,,
Seawanhaka Boat Club,2,0,0,0
,,,,
Leander Club #1,2,0,0,0
,,,,
Gyrinus,6,0,0,0
,,,,
Colombia,5,8,14,0
,,,,
Milwaukee Athletic Club,5,0,0,0
,,,,
Israel,1,1,7,0
,,,,
Tunisia,3,3,7,0
,,,,
Baby,1,0,1,0
,,,,
Femur,1,0,0,0
,,,,
Chile,3,9,20,0
,,,,
"Germania Ruder Club, Hamburg",5,0,0,0
,,,,
Jupiter,2,0,0,0
,,,,
"Philadelphia Turngemeinde, Philadelphia",6,0,0,0
,,,,
Deutscher Schwimm Verband Berlin,4,0,0,0
,,,,
Eleda,7,0,0,0
,,,,
Beatrijs III,3,0,0,0
,,,,
Vietnam,1,3,0,0
,,,,
Slovakia,15,19,13,0
,,,,
Irene,5,0,0,0
,,,,
Sif,4,0,0,0
,,,,
Bona Fide,3,0,0,0
,,,,
Cincinnati Archers,4,4,0,0
,,,,
Minotaur,3,0,0,0
,,,,
Grenada,1,1,0,0
,,,,
Bahrain,1,1,1,0
,,,,
Nrnberg,1,0,0,0
,,,,
Estonia,13,12,20,0
,,,,
Rush V,3,0,0,0
,,,,
Kosovo,1,0,0,0
,,,,
Bonaparte,1,0,0,0
,,,,
Sildra,4,0,0,0
,,,,
Hong Kong,1,2,1,0
,,,,
Venezuela,2,3,10,0
,,,,
Kathleen,2,0,0,0
,,,,
Potomac Archers,4,0,0,0
,,,,
Roehampton,4,0,0,0
,,,,
Atalanta Boat Club,2,2,0,0
,,,,
Mozambique,1,0,1,0
,,,,
Aschenbrodel,4,4,0,0
,,,,
Tajikistan,1,1,2,0
,,,,
Suriname,1,0,1,0
,,,,
Burundi,1,1,0,0
,,,,
Barrenjoey,3,0,0,0
,,,,
Pandora,2,0,0,0
,,,,
Ecuador,1,1,0,0
,,,,
Tornado,2,3,0,0
,,,,
Costa Rica,1,1,2,0
,,,,
Puerto Rico,1,2,6,0
,,,,
Cicely,1,0,0,0
,,,,
Merope,2,0,0,0
,,,,
Fantlet,1,0,0,0
,,,,
Panama,1,0,2,0
,,,,
Singapore,1,4,4,0
,,,,
Syria,1,1,1,0
,,,,
Hilarius,2,0,0,0
,,,,
Latvia,3,19,13,0
,,,,
Mac Miche,3,0,0,0
,,,,
Camille,1,0,0,0
,,,,
Peru,1,14,0,0
,,,,
Liechtenstein,2,2,5,0
,,,,
Satchmo,1,0,0,0
,,,,
Fornebo,0,4,0,0
,,,,
Mutafo,0,3,0,0
,,,,
Saudi Arabia,0,1,5,0
,,,,
Martha,0,4,4,0
,,,,
Niger,0,1,1,0
,,,,
USFSA,0,13,0,0
,,,,
Elsie,0,4,0,0
,,,,
Mound City Rowing Club,0,4,0,0
,,,,
Botswana,0,1,0,0
,,,,
Frankfurt Club,0,15,0,0
,,,,
Tip,0,3,0,0
,,,,
Elisabeth X,0,5,0,0
,,,,
Iceland,0,15,2,0
,,,,
Gallant,0,5,0,0
,,,,
Toronto Argonauts,0,9,9,0
,,,,
"Life boat naval ship ""Spetsai""",0,7,0,0
,,,,
Paraguay,0,17,0,0
,,,,
Montenegro,0,14,0,0
,,,,
Guatemala,0,1,0,0
,,,,
Qatar,0,1,4,0
,,,,
Christian Brothers' College,0,11,0,0
,,,,
Racing Club de France,0,11,0,0
,,,,
Crabe II,0,5,5,0
,,,,
Mouchette,0,10,0,0
,,,,
Tanzania,0,2,0,0
,,,,
Moseley Wanderers,0,15,0,0
,,,,
Chicago Athletic Association,0,16,0,0
,,,,
Kyrgyzstan,0,1,2,0
,,,,
Symphony,0,2,0,0
,,,,
Thames Rowing Club,0,5,0,0
,,,,
Erna Signe,0,10,0,0
,,,,
Web II,0,3,0,0
,,,,
Tritons Lillois,0,5,0,0
,,,,
Boreas,0,2,0,0
,,,,
"New York Turnverein, New York",0,6,0,0
,,,,
Nina,0,7,0,0
,,,,
Netherlands Antilles,0,1,0,0
,,,,
Slaghoken,0,3,0,0
,,,,
"New College, Oxford",0,9,0,0
,,,,
Vision,0,4,0,0
,,,,
St. Louis Southwest Turnverein #1,0,5,0,0
,,,,
Royal Club Nautique de Gand,0,21,0,0
,,,,
Roddklubben af 1912,0,5,0,0
,,,,
"BLO Polo Club, Rugby",0,4,0,0
,,,,
Hurlingham,0,4,0,0
,,,,
Liverpool Police Team,0,8,0,0
,,,,
Trans-Mississippi Golf Association,0,10,0,0
,,,,
Tango,0,3,0,0
,,,,
Brynhild,0,1,0,0
,,,,
Haiti,0,1,5,0
,,,,
Barion/Bari,0,3,0,0
,,,,
Malaysia,0,11,5,0
,,,,
Quand-Mme,0,9,0,0
,,,,
Smyrna,0,11,0,0
,,,,
Lebanon,0,2,2,0
,,,,
Brussels Swimming and Water Polo Club,0,10,0,0
,,,,
Santa Maria,0,6,0,0
,,,,
Cornwall,0,15,0,0
,,,,
Kurush II,0,2,0,0
,,,,
United States/France,0,2,0,0
,,,,
Hollandia,0,6,0,0
,,,,
Bonzo,0,3,0,0
,,,,
Socit Nautique de la Basse Seine,0,5,3,0
,,,,
Senegal,0,1,0,0
,,,,
Philippines,0,3,7,0
,,,,
"Phalainis ton Thorichtou ""Hydra""",0,17,7,0
,,,,
Silja,0,6,0,0
,,,,
Favorite,0,8,0,0
,,,,
St. Louis Amateur Athletic Association,0,12,0,0
,,,,
Gitana,0,5,5,0
,,,,
United Arab Republic,0,1,1,0
,,,,
Marmi II,0,3,0,0
,,,,
Leander Club #2,0,2,0,0
,,,,
Encore,0,3,0,0
,,,,
Skum,0,2,0,0
,,,,
Emily,0,5,0,0
,,,,
Namibia,0,4,0,0
,,,,
Vinga,0,5,0,0
,,,,
Sans Atout,0,5,0,0
,,,,
Nurdug II,0,3,0,0
,,,,
Ravenswood Boat Club,0,2,0,0
,,,,
United States Virgin Islands,0,1,0,0
,,,,
Djinn,0,5,0,0
,,,,
Mascotte,0,3,0,0
,,,,
Zut,0,3,0,0
,,,,
Tan-Fe-Pah,0,3,0,0
,,,,
Sudan,0,1,0,0
,,,,
Joy,0,2,0,0
,,,,
Bohemia,0,1,10,0
,,,,
Sri Lanka,0,2,0,0
,,,,
Moldova,0,3,5,0
,,,,
Rush VII,0,3,0,0
,,,,
Lully II,0,5,0,0
,,,,
Cyprus,0,1,0,0
,,,,
Rostock,0,1,0,0
,,,,
Sunshine,0,2,0,0
,,,,
Omas Helliniki P. S.,0,8,0,0
,,,,
Club Nautique de Lyon,0,4,0,0
,,,,
France/Great Britain,0,2,0,0
,,,,
Societ Nautique de la Marne,0,2,0,0
,,,,
Zambia,0,1,1,0
,,,,
Scamasaxe,0,2,2,0
,,,,
Nadine,0,1,0,0
,,,,
Rose Pompon,0,3,0,0
,,,,
Lady C,0,2,0,0
,,,,
Hi-Hi,0,4,0,0
,,,,
Gabon,0,1,0,0
,,,,
Comanche,0,2,0,0
,,,,
Ghana,0,1,22,0
,,,,
Ma'Lindo,0,2,0,0
,,,,
Merope III,0,2,0,0
,,,,
Lyn,0,5,0,0
,,,,
Sunrise,0,1,0,0
,,,,
Falcon IV,0,2,0,0
,,,,
Glider,0,2,0,0
,,,,
Salinero,0,1,0,0
,,,,
Tonga,0,1,0,0
,,,,
Thessalonki,0,0,11,0
,,,,
Stella,0,0,3,0
,,,,
Lucky Girl,0,0,5,0
,,,,
Kuwait,0,0,2,0
,,,,
Heatherbell,0,0,7,0
,,,,
Mohawk Indians,0,0,12,0
,,,,
Ali-Baba II,0,0,5,0
,,,,
Favorite Hammonia,0,0,6,0
,,,,
Guyana,0,0,1,0
,,,,
Guyoni,0,0,3,0
,,,,
Swedish Star,0,0,2,0
,,,,
Kerstin,0,0,3,0
,,,,
Iraq,0,0,1,0
,,,,
Bluebottle,0,0,3,0
,,,,
Snap,0,0,3,0
,,,,
Argonaut Rowing Club,0,0,6,0
,,,,
Berliner Ruderverein von 1876,0,0,9,0
,,,,
Bingo,0,0,3,0
,,,,
Nina Claire,0,0,4,0
,,,,
Gallia II,0,0,7,0
,,,,
Widgeon,0,0,2,0
,,,,
Socit Nautique de Bayonne,0,0,8,0
,,,,
Pistoja/Firenze,0,0,9,0
,,,,
Germania II,0,0,6,0
,,,,
Polyteknisk Roklub,0,0,5,0
,,,,
Ormsund Roklub,0,0,5,0
,,,,
Chuckles,0,0,2,0
,,,,
Togo,0,0,1,0
,,,,
Caprice,0,0,4,0
,,,,
Cambridge University Boat Club,0,0,9,0
,,,,
St. Rose,0,0,12,0
,,,,
Namoussa,0,0,5,0
,,,,
Boston Archers,0,0,4,0
,,,,
Western Rowing Club,0,0,6,0
,,,,
Libellule de Paris,0,0,7,0
,,,,
Amstel Amsterdam,0,0,4,0
,,,,
Scotland,0,0,11,0
,,,,
Buraddoo,0,0,3,0
,,,,
United States Golf Association,0,0,10,0
,,,,
Sarcelle,0,0,3,0
,,,,
Pupilles de Neptune de Lille #2,0,0,8,0
,,,,
Willem-Six,0,0,3,0
,,,,
K Division Metropolitan Police Team,0,0,8,0
,,,,
Venilia,0,0,3,0
,,,,
Wales,0,0,11,0
,,,,
Ballerina IV,0,0,3,0
,,,,
Espadarte,0,0,2,0
,,,,
Gwendoline,0,0,3,0
,,,,
Antwerpia V,0,0,5,0
,,,,
"Bagatelle Polo Club, Paris",0,0,4,0
,,,,
Bem II,0,0,2,0
,,,,
Aphrodite,0,0,3,0
,,,,
Univ. of Brussels,0,0,11,0
,,,,
Rowing Club Castillon,0,0,3,0
,,,,
United States/Great Britain,0,0,2,0
,,,,
Mignon,0,0,1,0
,,,,
"Central Turnverein, Chicago",0,0,6,0
,,,,
Berliner Ruderclub,0,0,2,0
,,,,
May Be,0,0,5,0
,,,,
A North American Team,0,0,4,0
,,,,
Missouri Athletic Club,0,0,11,0
,,,,
Tutti V,0,0,5,0
,,,,
Gem IV,0,0,2,0
,,,,
Ludwigshafener Ruder Verein,0,0,5,0
,,,,
Australia/Great Britain,0,0,2,0
,,,,
St. Louis Southwest Turnverein #2,0,0,5,0
,,,,
West Indies Federation,0,0,5,0
,,,,
Shrew II,0,0,2,0
,,,,
Sylvia,0,0,6,0
,,,,
Don Schufro,0,0,1,0
,,,,
Bermuda,0,0,1,0
,,,,
Laurea,0,0,1,0
,,,,
Sorais,0,0,5,0
,,,,
Macedonia,0,0,1,0
,,,,
Ralia,0,0,5,0
,,,,
Clearwater,0,0,1,0
,,,,
Mauritius,0,0,1,0
,,,,
Macky VI,0,0,3,0
,,,,
Ethnikos Gymnastikos Syllogos,0,0,2,0
,,,,
Kristiania Roklub,0,0,5,0
,,,,
Pupilles de Neptune de Lille,0,0,4,0
,,,,
Starita,0,0,2,0
,,,,
Frimousse,0,0,1,0
,,,,
Monaco,0,0,1,0
,,,,
Turquoise,0,0,1,0
,,,,
Gustel X,0,0,3,0
,,,,
Afghanistan,0,0,2,0
,,,,
Hojwa,0,0,3,0
,,,,
Humbug V,0,0,2,0
,,,,
Margaret,0,0,2,0
,,,,
Independent Rowing Club,0,0,2,0
,,,,
Bohemia/Great Britain,0,0,2,0
,,,,
Djibouti,0,0,1,0
,,,,
Potsdam,0,0,1,0
,,,,
Eritrea,0,0,1,0
,,,,
Barbados,0,0,1,0
,,,,
Formosa,0,0,1,0
,,,,
Digby,0,0,1,0
,,,,
Chad,0,0,0,0
,,,,
Nicaragua,0,0,0,0
,,,,
Libya,0,0,0,0
,,,,
Palestine,0,0,0,0
,,,,
Comoros,0,0,0,0
,,,,
Brunei,0,0,0,0
,,,,
Maldives,0,0,0,0
,,,,
North Yemen,0,0,0,0
,,,,
Dem. Rep. Congo,0,0,0,0
,,,,
Benin,0,0,0,0
,,,,
Somalia,0,0,0,0
,,,,
Mali,0,0,0,0
,,,,
Angola,0,0,0,0
,,,,
Bangladesh,0,0,0,0
,,,,
El Salvador,0,0,0,0
,,,,
Honduras,0,0,0,0
,,,,
Turkmenistan,0,0,0,0
,,,,
Seychelles,0,0,0,0
,,,,
Mauritania,0,0,0,0
,,,,
Saint Kitts and Nevis,0,0,0,0
,,,,
New York Athletic Club #2,0,0,0,0
,,,,
Saint Vincent and the Grenadines,0,0,0,0
,,,,
Mystery,0,0,0,0
,,,,
Liberia,0,0,0,0
,,,,
Clementine V,0,0,0,0
,,,,
Bylina,0,0,0,0
,,,,
Palau,0,0,0,0
,,,,
American Samoa,0,0,0,0
,,,,
Samoa,0,0,0,0
,,,,
Rwanda,0,0,0,0
,,,,
Dominica,0,0,0,0
,,,,
Malta,0,0,0,0
,,,,
Guinea,0,0,0,0
,,,,
Xolotl,0,0,0,0
,,,,
Belize,0,0,0,0
,,,,
Matrero II,0,0,0,0
,,,,
Blue Red,0,0,0,0
,,,,
Gteborgs Roddklubb,0,0,0,0
,,,,
South Yemen,0,0,0,0
,,,,
Yeoman VII,0,0,0,0
,,,,
Yeoman XII,0,0,0,0
,,,,
Sierra Leone,0,0,0,0
,,,,
Papua New Guinea,0,0,0,0
,,,,
Yemen,0,0,0,0
,,,,
Oman,0,0,0,0
,,,,
Vanuatu,0,0,0,0
,,,,
Martha7,0,0,0,0
,,,,
Burevestnik,0,0,0,0
,,,,
Druzhba,0,0,0,0
,,,,
Olen,0,0,0,0
,,,,
British Virgin Islands,0,0,0,0
,,,,
Central African Rep.,0,0,0,0
,,,,
Madagascar,0,0,0,0
,,,,
Malaya,0,0,0,0
,,,,
Bosnia and Herzegovina,0,0,0,0
,,,,
Guam,0,0,0,0
,,,,
Cayman Islands,0,0,0,0
,,,,
Cupidon Viking,0,0,0,0
,,,,
Damoiselle,0,0,0,0
,,,,
The Cloud,0,0,0,0
,,,,
Galerna,0,0,0,0
,,,,
Guinea Bissau,0,0,0,0
,,,,
Roma,0,0,0,0
,,,,
Tajamar,0,0,0,0
,,,,
"Lemzos Thorichton ""Spetsai""",0,0,0,0
,,,,
Timor Leste,0,0,0,0
,,,,
Amolgavar,0,0,0,0
,,,,
Demoncratic Republic of the Congo,0,0,0,0
,,,,
May Be VII,0,0,0,0
,,,,
San Marino,0,0,0,0
,,,,
Laos,0,0,0,0
,,,,
Refugee Olympic Athletes,0,0,0,0
,,,,
Lett,0,0,0,0
,,,,
GyoshuII,0,0,0,0
,,,,
Solomon Islands,0,0,0,0
,,,,
Dolfijn,0,0,0,0
,,,,
Cape Verde,0,0,0,0
,,,,
rn,0,0,0,0
,,,,
Crete,0,0,0,0
,,,,
Breslau,0,0,0,0
,,,,
Club Nautique de Dieppe,0,0,0,0
,,,,
Fram,0,0,0,0
,,,,
Equatorial Guinea,0,0,0,0
,,,,
Bolivia,0,0,0,0
,,,,
Saar,0,0,0,0
,,,,
Andorra,0,0,0,0
,,,,
Antigua and Barbuda,0,0,0,0
,,,,
EA II,0,0,0,0
,,,,
Linglom,0,0,0,0
,,,,
"La Salle Turnverein, Chicago",0,0,0,0
,,,,
Nautikos Omilos,0,0,0,0
,,,,
Wolseley-Siddeley,0,0,0,0
,,,,
Ciocca II,0,0,0,0
,,,,
Mirtala,0,0,0,0
,,,,
Saint Lucia,0,0,0,0
,,,,
Carabinier,0,0,0,0
,,,,
Pettit-Poucet,0,0,0,0
,,,,
Federated States of Micronesia,0,0,0,0
,,,,
Myanmar,0,0,0,0
,,,,
Hirondelle,0,0,0,0
,,,,
Evita VI,0,0,0,0
,,,,
Malawi,0,0,0,0
,,,,
Bronia,0,0,0,0
,,,,
Rhodesia,0,0,0,0
,,,,
Sao Tome and Principe,0,0,0,0
,,,,
Hungaria Evezos Egylet,0,0,0,0
,,,,
Fortuna,0,0,0,0
,,,,
Starlight III,0,0,0,0
,,,,
"Lemzos Thorichton ""Psara""",0,0,0,0
,,,,
Sabre,0,0,0,0
,,,,
Firebird II,0,0,0,0
,,,,
"Passaic Turnverein, Passaic",0,0,0,0
,,,,
Primorka,0,0,0,0
,,,,
Gambia,0,0,0,0
,,,,
Grifo III,0,0,0,0
,,,,
Grifo IV,0,0,0,0
,,,,
Damoiselle IV,0,0,0,0
,,,,
Nina Claire0,0,0,0,0
,,,,
Qu'Importe,0,0,0,0
,,,,
Konstanz,0,0,0,0
,,,,
Suzy,0,0,0,0
,,,,
Dansk Idrts Forbund,0,0,0,0
,,,,
Marmara,0,0,0,0
,,,,
Mistral Hojris,0,0,0,0
,,,,
Cook Islands,0,0,0,0
,,,,
Albania,0,0,0,0
,,,,
Pampero,0,0,0,0
,,,,
Sjhxa,0,0,0,0
,,,,
Faneca,0,0,0,0
,,,,
Ciocca III,0,0,0,0
,,,,
Dinah V,0,0,0,0
,,,,
Nora,0,0,0,0
,,,,
Monica,0,0,0,0
,,,,
Shoveller,0,0,0,0
,,,,
Circus,0,0,0,0
,,,,
Aletta,0,0,0,0
,,,,
Inca,0,0,0,0
,,,,
Relampago,0,0,0,0
,,,,
"Davenport Turngemeinde, Davenport",0,0,0,0
,,,,
"Norwegier Turnverein, Brooklyn",0,0,0,0
,,,,
Anitra,0,0,0,0
,,,,
Snude,0,0,0,0
,,,,
Web III,0,0,0,0
,,,,
Posillipo III,0,0,0,0
,,,,
"Turnverein Vorwrts, Cleveland",0,0,0,0
,,,,
Club Nautique de Franais,0,0,0,0
,,,,
Peri,0,0,0,0
,,,,
Tichiboo,0,0,0,0
,,,,
Siames-Cat,0,0,0,0
,,,,
Swaziland,0,0,0,0
,,,,
Ausonia,0,0,0,0
,,,,
Burkina Faso,0,0,0,0
,,,,
Nortazo,0,0,0,0
,,,,
Tom Kyle,0,0,0,0
,,,,
Tilly,0,0,0,0
,,,,
North Borneo,0,0,0,0
,,,,
Wiking,0,0,0,0
,,,,
Chok,0,0,0,0
,,,,
Aruba,0,0,0,0
,,,,
Buscape II,0,0,0,0
,,,,
Camelia,0,0,0,0
,,,,
Whitini Star,0,0,0,0
,,,,
Nikh,0,0,0,0
,,,,
Andorinha,0,0,0,0
,,,,
Cupidon III,0,0,0,0
,,,,
Athens,0,0,0,0
,,,,
Marga,0,0,0,0
,,,,
Serendipity,0,0,0,0
,,,,
Compigne Polo Club,0,0,0,0
,,,,
Trickson VI,0,0,0,0
,,,,
Calcinhas,0,0,0,0
,,,,
Gteborgs Roddfrening,0,0,0,0
,,,,
Chamukina,0,0,0,0
,,,,
Nausikaa 4,0,0,0,0
,,,,
Arcturus,0,0,0,0
,,,,
Nauru,0,0,0,0
,,,,
Lucky Star,0,0,0,0
,,,,
Briar,0,0,0,0
,,,,
Panhellenios Gymnastikos Syllogos,0,0,0,0
,,,,
Gabbiano,0,0,0,0
,,,,
Gran Gesto,0,0,0,0
,,,,
Ceres II,0,0,0,0
,,,,
Covunco III,0,0,0,0
,,,,
Chicago Archers,0,0,0,0
,,,,
Bamba,0,0,0,0
,,,,
Rush IV,0,0,0,0
,,,,
Ali-Baba IV,0,0,0,0
,,,,
Ali-Baba VI,0,0,0,0
,,,,
Ali-Baba IX,0,0,0,0
,,,,
Pigoule,0,0,0,0
,,,,
South Vietnam,0,0,0,0
,,,,
Snowten III,0,0,0,0
,,,,
Hungaria,0,0,0,0
,,,,
Scram,0,0,0,0
,,,,
Peri II,0,0,0,0
,,,,
Vinha,0,0,0,0
,,,,
Fantasio III,0,0,0,0
,,,,
Pousse-Moi Pas VII,0,0,0,0
,,,,
Norwegian Rowing Association,0,0,0,0
,,,,
LaBandera,0,0,0,0
,,,,
Gilliatt V,0,0,0,0
,,,,
Sarcelle5,0,0,0,0
,,,,
Espuma del Mar,0,0,0,0
,,,,
Twins II,0,0,0,0
,,,,
Beaver,0,0,0,0
,,,,
Baccara,0,0,0,0
,,,,
Ral-Club Barcelona,0,0,0,0
,,,,
Romolo,0,0,0,0
,,,,
Aldebaran II,0,0,0,0
,,,,
Aldebaran,0,0,0,0
,,,,
Argus,0,0,0,0
,,,,
Galatea II,0,0,0,0
,,,,
Twins VIII,0,0,0,0
,,,,
Lotta IV,0,0,0,0
,,,,
Saga,0,0,0,0
,,,,
Mari,0,0,0,0
,,,,
Paula,0,0,0,0
,,,,
DeRuyter,0,0,0,0
,,,,
Acturus,0,0,0,0
,,,,
Teresita,0,0,0,0
,,,,
Eissero VI,0,0,0,0
,,,,
Cambodia,0,0,0,0
,,,,
Allegro,0,0,0,0
,,,,
Gam II,0,0,0,0
,,,,
Ylliam VIII,0,0,0,0
,,,,
Quand-Mme3,0,0,0,0
,,,,
Berliner Ruderclub Sport-Borussia,0,0,0,0
,,,,
Calimucho,0,0,0,0
,,,,
Bhutan,0,0,0,0
,,,,
Kingfisher,0,0,0,0
,,,,
Yangon,0,0,0,0
,,,,
Gustel V,0,0,0,0
,,,,
Sonja II,0,0,0,0
,,,,
Jill,0,0,0,0
,,,,
Kiel,0,0,0,0
,,,,
KNS,0,0,0,0
,,,,
Tim-Tam III,0,0,0,0
,,,,
Uragan,0,0,0,0
,,,,
Kon-Tiki,0,0,0,0
,,,,
Babe,0,0,0,0
,,,,
Antares,0,0,0,0
,,,,
Hatuey,0,0,0,0
,,,,
Morena,0,0,0,0
,,,,
Saskia,0,0,0,0
,,,,
SagaII,0,0,0,0
,,,,
June Climene,0,0,0,0
,,,,
Cambria,0,0,0,0
,,,,
Oleander XII,0,0,0,0
,,,,
Phoenix,0,0,0,0
,,,,
Ylliam VII,0,0,0,0
,,,,
Calypse II,0,0,0,0
,,,,
Ciocca,0,0,0,0
,,,,
Esperia,0,0,0,0
,,,,
Tournade0,0,0,0,0
,,,,
Tornade6,0,0,0,0
,,,,
Galejan,0,0,0,0
,,,,
Marshall Islands,0,0,0,0
,,,,
Umberta V,0,0,0,0
,,,,
Rozenn,0,0,0,0
,,,,
Red Dragon,0,0,0,0
,,,,
"R.-V. Germania, Leitmeritz",0,0,0,0
,,,,
Akatonbo,0,0,0,0
,,,,
Terrible,0,0,0,0
,,,,
Studenternes Roklub,0,0,0,0
,,,,
Rififi,0,0,0,0
,,,,
Partenope,0,0,0,0
,,,,
Bermudes,0,0,0,0
,,,,
Kiribati,0,0,0,0
,,,,
Diablo,0,0,0,0
,,,,
Plume-patte2,0,0,0,0
,,,,
Plume-Patte,0,0,0,0
,,,,
Pierre et Jean,0,0,0,0
,,,,
Fruits,0,0,0,0
,,,,
Sidi Fekkar6,0,0,0,0
,,,,
Sidi-Fekkar,0,0,0,0
,,,,
Souvenance,0,0,0,0
,,,,
Meteor,0,0,0,0
,,,,
Kurush IV,0,0,0,0
,,,,
Vesania,0,0,0,0
,,,,
Canopus,0,0,0,0
,,,,
Crabe I,0,0,0,0
,,,,
Gwendoline2,0,0,0,0
,,,,
Vicking,0,0,0,0
,,,,
Daisy,0,0,0,0
,,,,
Virginie,0,0,0,0
,,,,
Acipactli,0,0,0,0
,,,,
Pegaso,0,0,0,0
,,,,
Girl Pat,0,0,0,0
,,,,
Fada,0,0,0,0
,,,,
Bu III,0,0,0,0
,,,,
St. Margrite,0,0,0,0
,,,,
"Concordia Turnverein, St Louis",0,0,0,0
,,,,
Frip IV,0,0,0,0
,,,,
Mad Dog,0,0,0,0
,,,,
Hb4,0,0,0,0
,,,,
Hb0,0,0,0,0
,,,,
"South St Louis Turnverein, St Louis",0,0,0,0
,,,,
Unique,0,0,0,0
,,,,
Pan-Hellenic Athletic Club,0,0,0,0
,,,,
Viking,0,0,0,0
,,,,
Bermudian,0,0,0,0
,,,,
Dresden,0,0,0,0
,,,,
Mignon9,0,0,0,0
,,,,
Favorite7,0,0,0,0
,,,,
Naiad,0,0,0,0
,,,,
Pakaria,0,0,0,0
,,,,
Oxalis,0,0,0,0
,,,,
Gitana1,0,0,0,0
,,,,
Thalatta,0,0,0,0
,,,,
Trintel II,0,0,0,0
,,,,
Galopin0,0,0,0,0
,,,,
Galopin,0,0,0,0
,,,,
Rhythm,0,0,0,0
,,,,
"Turnverein Vorwrts, Chicago",0,0,0,0
,,,,
Guanahani,0,0,0,0
,,,,
Unknown,0,0,0,0
,,,,
Spirit III,0,0,0,0
,,,,
Pannonia RC/National RC,0,0,0,0
,,,,
Bella,0,0,0,0
,,,,
May-Be 1960,0,0,0,0
,,,,
Inga-Lill XXXXIII,0,0,0,0
,,,,
Nirwana,0,0,0,0
,,,,
Omilos Ereton Peiraios,0,0,0,0
,,,,
Vaxholm Roddklubb,0,0,0,0
,,,,
Tuvalu,0,0,0,0
,,,,
Proteus II,0,0,0,0
,,,,
Finn II,0,0,0,0
,,,,
Impala,0,0,0,0
,,,,
Pam,0,0,0,0
,,,,
Oleander II,0,0,0,0
,,,,
Apache,0,0,0,0
,,,,
Roklubb Kbnhavn,0,0,0,0
,,,,
Tu-Fri,0,0,0,0
,,,,
Cha-Cha III,0,0,0,0
,,,,
Augsburg,0,0,0,0
,,,,
Ariel,0,0,0,0
,,,,
Feo,0,0,0,0
,,,,
Gem II,0,0,0,0
,,,,
Gem III,0,0,0,0
,,,,
Gem VII,0,0,0,0
,,,,
Pupilles de Neptune de Lille #1,0,0,0,0
,,,,
Chaje II,0,0,0,0
,,,,
Dylan,0,0,0,0
,,,,
Moorina,0,0,0,0
,,,,
30. Februar,0,0,0,0
,,,,
Cercle Nautique de Reims,0,0,0,0
,,,,
Struten,0,0,0,0
,,,,
Ylliam II,0,0,0,0
,,,,
Paka V,0,0,0,0
,,,,
Brigantia,0,0,0,0
,,,,
Sydney Rowing Club,0,0,0,0
,,,,
Espardate,0,0,0,0
,,,,
Kannibaltje,0,0,0,0
,,,,
Xantippa,0,0,0,0
,,,,
Miss Denmark 1964,0,0,0,0
,,,,
Kemphaan,0,0,0,0
,,,,
Helsingfors R. K.,0,0,0,0
,,,,
Newfoundland,0,0,0,0
,,,,
Fram III,0,0,0,0
,,,,
Mizar,0,0,0,0
,,,,
Ubu,0,0,0,0
,,,,
"Socialer Turnverein, Detroit",0,0,0,0
,,,,
Essen,0,0,0,0
,,,,
Miss Nippon V,0,0,0,0
,,,,
Argeste,0,0,0,0
,,,,
Gullvinge,0,0,0,0
,,,,
Bajazzo,0,0,0,0
,,,,
Cinara,0,0,0,0
,,,,
Ilderim,0,0,0,0
,,,,
Tantalus,0,0,0,0
,,,,
Peiraikos Syndesmos,0,0,0,0
,,,,
Femur8,0,0,0,0
,,,,
Colette0,0,0,0,0
,,,,
Colette,0,0,0,0
,,,,
Germany/United States,0,0,0,0
,,,,
Freddy,0,0,0,0
,,,,
Rika II,0,0,0,0
,,,,
Korshun,0,0,0,0
,,,,
Patricia,0,0,0,0
,,,,
Tlaloc,0,0,0,0
,,,,
Springbok,0,0,0,0
,,,,
Aretusa,0,0,0,0
,,,,
Quicksilver,0,0,0,0
,,,,
Viktoriya,0,0,0,0
,,,,
Omilos Ereton Smyrnis,0,0,0,0
,,,,
Alcaid,0,0,0,0
,,,,
Alain IV,0,0,0,0
,,,,
Three Leaves,0,0,0,0
,,,,
K.S.S.S. 1912,0,0,0,0
,,,,
Paka,0,0,0,0
,,,,
Sheerio,0,0,0,0
,,,,
Pan II,0,0,0,0
,,,,
Pasodoble,0,0,0,0
,,,,
Freja,0,0,0,0
,,,,
Sass,0,0,0,0
,,,,
Roy,0,0,0,0
,,,,
Jet,0,0,0,0
,,,,
Salamander,0,0,0,0
,,,,
Ingegerd,0,0,0,0
,,,,
Johan,0,0,0,0
,,,,
Andromeda,0,0,0,0
,,,,
Hornet,0,0,0,0
,,,,
S. Sudan,0,0,0,0
,,,,
Chance,0,0,0,0
,,,,
Brat,0,0,0,0
,,,,
Yeoman V,0,0,0,0
,,,,
Knigsberg,0,0,0,0
,,,,
Aloha II,0,0,0,0
,,,,
Raili,0,0,0,0
,,,,
Syndi,0,0,0,0
,,,,
Vento Sul,0,0,0,0
,,,,
Miss Nippon IV,0,0,0,0
,,,,
Tramontane,0,0,0,0
,,,,
Sandra,0,0,0,0
,,,,
"Milwaukee Turnverein, Milwaukee",0,0,0,0
,,,,
Lbeck,0,0,0,0
,,,,
Yeoman,0,0,0,0
,,,,
Boer Team,0,0,0,0
,,,,
Lancet,0,0,0,0
,,,,
Lesotho,0,0,0,0
,,,,
Whisper,0,0,0,0
,,,,
Balaton,0,0,0,0
,,,,
Kuling,0,0,0,0
,,,,
Skidoo,0,0,0,0
,,,,
Tomahawk II,0,0,0,0
,,,,
Whirlaway,0,0,0,0
,,,,
Surprise,0,0,0,0
,,,,
Ciss,0,0,0,0
,,,,
MitaII,0,0,0,0
,,,,
Escapade,0,0,0,0
,,,,
Angerburg,0,0,0,0
,,,,
Barco Deloro,0,0,0,0
,,,,
Dick,0,0,0,0
,,,,
Kalayaan,0,0,0,0
,,,,
Olimpia,0,0,0,0
,,,,
Nephos I,0,0,0,0
,,,,
Tengiri,0,0,0,0
,,,,
Hayama,0,0,0,0
,,,,
John B,0,0,0,0
,,,,
Bim,0,0,0,0
,,,,
Mythilus,0,0,0,0
,,,,
Rambo,0,0,0,0
,,,,
Floresco,0,0,0,0
,,,,
Lucky,0,0,0,0
,,,,
Spirit VI,0,0,0,0
,,,,
Noreg,0,0,0,0
,,,,
Subbnboana,0,0,0,0
,,,,
"Phalainis ton Thorichtou ""Psara""",0,0,0,0
,,,,
Norman,0,0,0,0
,,,,
Olympion,0,0,0,0
,,,,
Heidelberg,0,0,0,0
,,,,
Amulet,0,0,0,0
,,,,
Crocodile,0,0,0,0
,,,,
Leipzig,0,0,0,0
,,,,
Red Indian,0,0,0,0
,,,,
Alcyon,0,0,0,0
,,,,
Suzon IV9,0,0,0,0
,,,,
Suzon IV,0,0,0,0
,,,,
Mascaret8,0,0,0,0
,,,,
Mascaret,0,0,0,0
,,,,
Sibindi,0,0,0,0
,,,,
Combine,0,0,0,0
,,,,
Stade Franais AC,0,0,0,0
,,,,
Holland,0,0,0,0
,,,,
Argo II,0,0,0,0
,,,,
State VI,0,0,0,0
,,,,
Gyp3,0,0,0,0
,,,,
Gyp,0,0,0,0
,,,,
Zefyros,0,0,0,0
,,,,
Pirouette1,0,0,0,0
,,,,
Pirouette,0,0,0,0
,,,,
Mebi,0,0,0,0
,,,,
Riccar,0,0,0,0
,,,,
Lynn,0,0,0,0
,,,,
Neptun II,0,0,0,0
,,,,
Brentina,0,0,0,0
,,,,
Nan,0,0,0,0
,,,,
Hannover,0,0,0,0
,,,,
Scamasaxe4,0,0,0,0
,,,,
Three Star Too,0,0,0,0
,,,,
Bellatrix IX,0,0,0,0
,,,,
Bellatrix XIII,0,0,0,0
,,,,
Jeanette5,0,0,0,0
,,,,
Jeannette8,0,0,0,0
,,,,
Glisten,0,0,0,0
,,,,
Grifone,0,0,0,0
,,,,
Twinkle,0,0,0,0
,,,,
Myojo,0,0,0,0
,,,,
Ducky6,0,0,0,0
,,,,
Ducky,0,0,0,0
,,,,
Souriceau8,0,0,0,0
,,,,
Souriceau,0,0,0,0
,,,,
Frieda,0,0,0,0
,,,,
Marsouin6,0,0,0,0
,,,,
Marsouin,0,0,0,0
,,,,
Persey,0,0,0,0
,,,,
Wendehals,0,0,0,0
,,,,
Titia,0,0,0,0
,,,,
Pimm,0,0,0,0
,,,,
Gustl XI,0,0,0,0
,,,,
Pop Art,0,0,0,0
,,,,
Voloira II,0,0,0,0
,,,,
Bremen,0,0,0,0
,,,,
Quando Quando,0,0,0,0
,,,,
Donar III,0,0,0,0
,,,,
Tineke,0,0,0,0
,,,,
Danuta,0,0,0,0
,,,,
Maryke,0,0,0,0
,,,,
Falcon VI,0,0,0,0
,,,,
Manana,0,0,0,0
,,,,
Rampage,0,0,0,0
,,,,
Diabolo St Maurice,0,0,0,0
,,,,
Ravel,0,0,0,0
,,,,
Astrid III,0,0,0,0
,,,,
Kln,0,0,0,0
,,,,
Demi-Mondaine5,0,0,0,0
,,,,
Demi-Mondaine7,0,0,0,0
,,,,
Nokaut II,0,0,0,0
,,,,
Almaz,0,0,0,0
,,,,
Tulilind,0,0,0,0
,,,,
Notavel,0,0,0,0
,,,,
Galopin De La Font,0,0,0,0
,,,,
Harmony,0,0,0,0
,,,,
Marie-Tim,0,0,0,0
,,,,
Orion,0,0,0,0
,,,,
Scaup,0,0,0,0
,,,,
Legionario,0,0,0,0
,,,,
Enotria,0,0,0,0
,,,,
Verveine1,0,0,0,0
,,,,
Verveine9,0,0,0,0
,,,,
Ariette,0,0,0,0
,,,,
Ariette0,0,0,0,0
,,,,
Greenoaks Dundee,0,0,0,0
,,,,
Maid of Lebanon,0,0,0,0
,,,,
Danaldo,0,0,0,0
,,,,
Giselle,0,0,0,0
,,,,
Ardilla,0,0,0,0
,,,,
Windor,0,0,0,0
,,,,
Vim III,0,0,0,0
,,,,
Lasha,0,0,0,0
,,,,
Hakahana,0,0,0,0
,,,,
Squid III,0,0,0,0
,,,,
Mamie,0,0,0,0
,,,,
C.V.A.,0,0,0,0
,,,,
Singy7,0,0,0,0
,,,,
Singy,0,0,0,0
,,,,
Hamburg,0,0,0,0
,,,,
Cuxhaven,0,0,0,0
,,,,
Danzig,0,0,0,0
,,,,
Sjovinge,0,0,0,0
,,,,
Brandenburg,0,0,0,0
,,,,
Freia9,0,0,0,0
,,,,
Freia,0,0,0,0
,,,,
Sea Dog,0,0,0,0
,,,,
Mainz,0,0,0,0
,,,,
Solos Carex,0,0,0,0
,,,,
Dow Jones,0,0,0,0
,,,,
Greenland,0,0,0,0
,,,,
Congo,0,0,0,0
